company,location,industry,total_laid_off,percentage_laid_off,date,stage,country,funds_raised
"Included Health","SF Bay Area",Healthcare,NULL,0.06,2022-07-25,"Series E","United States",272
&Open,Dublin,Marketing,9,0.09,2022-11-17,"Series A",Ireland,35
#Paid,Toronto,Marketing,19,0.17,2023-01-27,"Series B",Canada,21
"100 Thieves","Los Angeles",Consumer,12,,2022-07-13,"Series C","United States",120
"10X Genomics","SF Bay Area",Healthcare,100,0.08,2022-08-04,Post-IPO,"United States",242
23andMe,"SF Bay Area",Healthcare,200,0.4,2024-11-11,Post-IPO,"United States",1100
23andMe,"SF Bay Area",Healthcare,71,0.11,2023-08-08,Post-IPO,"United States",1100
23andMe,"SF Bay Area",Healthcare,75,0.09,2023-06-09,Post-IPO,"United States",1100
2TM,"Sao Paulo",Crypto,100,0.15,2022-09-01,Unknown,Brazil,250
2TM,"Sao Paulo",Crypto,90,0.12,2022-06-01,Unknown,Brazil,250
2U,"Washington D.C.",Education,NULL,0.2,2022-07-28,Post-IPO,"United States",426
54gene,"Washington D.C.",Healthcare,95,0.3,2022-08-29,"Series B","United States",44
"5B Solar",Sydney,Energy,NULL,0.25,2022-06-03,"Series A",Australia,12
6sense,"SF Bay Area",Sales,150,0.1,2022-10-12,"Series E","United States",426
7shifts,Saskatoon,Food,30,0.07,2023-09-15,"Series C",Canada,131
7Shifts,Saskatoon,Food,68,0.19,2024-01-11,"Series C",Canada,131
"80 Acres Farms",Cincinnati,Food,NULL,0.1,2023-01-18,Unknown,"United States",275
8x8,"SF Bay Area",Support,155,0.07,2023-01-18,Post-IPO,"United States",253
8x8,"SF Bay Area",Support,200,0.09,2022-10-04,Post-IPO,"United States",253
98point6,Seattle,Healthcare,NULL,0.1,2022-07-21,"Series E","United States",247
99,"Sao Paulo",Transportation,75,0.02,2022-09-20,Acquired,Brazil,244
ABBYY,Nicosia,Data,200,,2024-10-01,Unknown,Cyprus,6
Abra,"SF Bay Area",Crypto,12,0.05,2022-06-30,"Series C","United States",106
Absci,Portland,Healthcare,30,0.15,2023-09-05,Post-IPO,"United States",238
Absci,Vancouver,Healthcare,40,,2022-08-09,Post-IPO,"United States",237
Acast,Stockholm,Media,70,0.15,2022-09-15,Post-IPO,Sweden,126
ActiveCampaign,Chicago,Marketing,NULL,0.15,2022-10-03,"Series C","United States",360
Actyv.ai,Bengaluru,Finance,NULL,0.6,2023-08-02,Seed,India,12
Ada,Toronto,Support,78,0.16,2022-09-20,"Series C",Canada,190
"Ada Health",Berlin,Healthcare,50,,2022-10-17,"Series B",Germany,189
"Adaptive Biotechnologies",Seattle,Healthcare,100,0.12,2022-03-08,Post-IPO,"United States",406
Adda247,Gurugram,Education,300,,2023-10-14,"Series B",India,61
Addepar,"SF Bay Area",Finance,20,0.03,2023-01-18,"Series F","United States",491
Adjust,Berlin,Marketing,304,,2024-11-22,Acquired,Germany,256
Adobe,"SF Bay Area",Marketing,100,,2022-12-06,Post-IPO,"United States",2
"Advisor Credit Exchange",Philadelphia,Finance,NULL,1.0,2025-01-14,Unknown,"United States",31
Adwerx,Durham,Marketing,40,,2022-07-07,Unknown,"United States",20
AEye,"SF Bay Area",Transportation,46,0.33,2023-03-28,Post-IPO,"United States",314
Affirm,Pittsburgh,Finance,60,,2024-02-21,Post-IPO,"United States",1500
Affirm,"SF Bay Area",Finance,NULL,0.01,2022-11-03,Post-IPO,"United States",1500
Affirm,"SF Bay Area",Finance,500,0.19,2023-02-08,Post-IPO,"United States",1500
AgentSync,Denver,Finance,67,0.24,2023-07-19,"Series B","United States",111
Ahead,"SF Bay Area",Healthcare,44,1.0,2022-04-14,Unknown,"United States",9
Airbnb,"SF Bay Area",Travel,30,,2023-03-03,Post-IPO,"United States",6400
Airlift,Lahore,Logistics,NULL,0.31,2022-05-25,"Series B",Pakistan,109
Airlift,Lahore,Logistics,NULL,1.0,2022-07-12,"Series B",Pakistan,109
Airmeet,Bengaluru,Marketing,NULL,0.2,2024-03-19,"Series B",India,50
Airmeet,Bengaluru,Marketing,75,0.3,2023-05-25,"Series B",India,50
Airtable,"SF Bay Area",Product,237,0.27,2023-09-14,"Series F","United States",1400
Airtable,"SF Bay Area",Product,254,0.2,2022-12-08,"Series F","United States",1400
Airtame,Copenhagen,Consumer,15,,2022-06-15,Unknown,Denmark,7
Airtasker,Sydney,Retail,45,0.2,2023-04-27,"Series C",Australia,26
Airtime,"New York City",Consumer,30,0.2,2022-05-23,"Series B","United States",33
Aiven,Helsinki,Infrastructure,NULL,0.2,2023-01-18,"Series D",Finland,420
Ajaib,Jakarta,Finance,67,0.08,2022-11-28,Unknown,Indonesia,245
Akamai,Boston,Security,250,0.02,2024-11-07,Post-IPO,"United States",35
Akamai,Boston,Security,290,0.03,2023-05-09,Post-IPO,"United States",35
"Akili Interactive",Boston,Healthcare,NULL,0.46,2024-04-30,Post-IPO,"United States",271
"Akili Labs",Boston,Healthcare,NULL,0.4,2023-09-13,Post-IPO,"United States",301
"Akili Labs",Boston,Healthcare,46,0.3,2023-01-12,Post-IPO,"United States",301
Akseleran,Jakarta,Finance,60,,2023-07-27,"Series A",Indonesia,9
Akudo,Bengaluru,Finance,NULL,1.0,2023-09-20,Seed,India,4
AlayaCare,Montreal,Healthcare,80,0.14,2022-08-16,"Series D",Canada,293
Albert,"Los Angeles",Finance,20,0.08,2022-06-10,"Series C","United States",175
"Aleph Farms","Tel Aviv",Food,30,0.3,2024-06-05,Unknown,Israel,119
Alerzo,Ibadan,Retail,100,,2023-11-21,"Series B",Nigeria,16
Alerzo,Ibadan,Retail,400,,2023-03-06,"Series B",Nigeria,16
Alice,"Sao Paulo",Healthcare,113,0.16,2022-12-09,"Series C",Brazil,174
Alice,"Sao Paulo",Healthcare,63,,2022-07-11,"Series C",Brazil,174
"AliExpress Russia",Moscow,Retail,400,0.4,2022-05-14,Acquired,Russia,60
Allbirds,"SF Bay Area",Retail,23,,2022-07-28,Post-IPO,"United States",202
Alma,"New York City",Healthcare,NULL,0.09,2024-10-02,"Series D","United States",220
AlphaSense,"New York City",Other,150,0.08,2024-11-27,"Series F","United States",1400
Alteryx,"Los Angeles",Data,320,0.11,2023-04-27,Post-IPO,"United States",613
Altruist,"SF Bay Area",Finance,37,0.1,2025-01-07,"Series E","United States",449
Alza,"New York City",Finance,NULL,1.0,2025-01-13,Seed,"United States",7
Amazon,Seattle,Retail,10000,0.03,2022-11-16,Post-IPO,"United States",108
Amazon,Seattle,Retail,150,,2022-10-28,Post-IPO,"United States",108
Amazon,Seattle,Retail,180,,2023-11-13,Post-IPO,"United States",108
Amazon,Seattle,Retail,30,,2024-01-18,Post-IPO,"United States",108
Amazon,Seattle,Retail,400,,2024-02-06,Post-IPO,"United States",108
Amazon,Seattle,Retail,80,,2023-07-13,Post-IPO,"United States",108
Amazon,Seattle,Retail,8000,0.02,2023-01-04,Post-IPO,"United States",108
Amazon,Seattle,Retail,9000,,2023-03-20,Post-IPO,"United States",108
"Amber Group","Hong Kong",Crypto,NULL,0.1,2022-09-09,"Series B","Hong Kong",328
"American Robotics",Boston,Other,50,0.65,2023-01-17,Acquired,"United States",92
Amount,Chicago,Finance,NULL,0.18,2022-06-27,Unknown,"United States",283
Amount,Chicago,Finance,130,0.25,2023-02-27,Unknown,"United States",283
Amperity,Seattle,Marketing,NULL,0.13,2024-09-12,"Series D","United States",187
Amperity,Seattle,Marketing,13,0.03,2022-08-20,"Series D","United States",187
Amperity,Seattle,Marketing,20,,2024-01-25,"Series D","United States",187
Amplitude,"SF Bay Area",Data,99,0.13,2023-04-05,Post-IPO,"United States",311
Anaplan,"SF Bay Area",Other,300,,2023-06-21,Acquired,"United States",300
Anar,Mumbai,Marketing,NULL,1.0,2023-11-25,Seed,India,6
Ancestry,Lehi,Consumer,81,0.06,2024-03-14,Post-IPO,"United States",33
"Anchorage Digital","SF Bay Area",Crypto,75,0.2,2023-03-14,"Series D","United States",487
Andgo,Saskatoon,HR,9,,2023-09-29,"Series A",Canada,5
Anodot,"Tel Aviv",Data,15,0.2,2022-07-06,"Series C","United States",64
Anodot,"Tel Aviv",Data,35,0.27,2022-07-06,"Series C","United States",64
"ANS Commerce",Gurugram,Retail,NULL,1.0,2025-03-02,Acquired,India,2
"Antidote Health","Tel Aviv",Healthcare,23,0.38,2022-10-23,Unknown,Israel,36
Anyline,Vienna,Other,NULL,0.25,2023-03-29,"Series B",Austria,37
Anywell,"Tel Aviv","Real Estate",11,,2022-08-14,"Series A",Israel,15
"Apartment List","SF Bay Area","Real Estate",29,0.1,2022-08-31,"Series D","United States",169
Apollo,"SF Bay Area",Product,NULL,0.15,2022-12-15,"Series D","United States",183
"Apollo Insurance",Vancouver,Finance,NULL,0.25,2022-11-15,"Series B",Canada,11
Appcues,Boston,Data,NULL,0.15,2023-03-08,"Series B","United States",52
AppFolio,"Santa Barbara","Real Estate",149,0.09,2023-08-17,Post-IPO,"United States",30
AppFolio,"Santa Barbara","Real Estate",62,,2023-05-22,Post-IPO,"United States",30
AppHarvest,Lexington,Food,NULL,1.0,2023-07-24,Post-IPO,"United States",692
Apple,"SF Bay Area",Hardware,100,,2024-08-27,Post-IPO,"United States",1200
Apple,"SF Bay Area",Hardware,614,,2024-04-04,Post-IPO,"United States",1200
AppLovin,"SF Bay Area",Marketing,120,,2024-11-13,Post-IPO,"United States",1600
AppLovin,"SF Bay Area",Marketing,300,0.12,2022-06-27,Post-IPO,"United States",1600
AppLovin,"SF Bay Area",Marketing,61,,2024-08-15,Post-IPO,"United States",1600
ApplyBoard,Waterloo,Education,NULL,0.04,2024-09-19,"Series D",Canada,483
ApplyBoard,Waterloo,Education,90,0.06,2022-11-28,"Series D",Canada,483
AppsFlyer,"SF Bay Area",Data,100,0.07,2025-02-04,Unknown,"United States",293
Appsmith,"SF Bay Area",NULL,35,0.25,2023-09-22,"Series B","United States",51
Aptiv,Krakow,Transportation,250,,2024-02-20,Post-IPO,Poland,8
Aqgromalin,Chennai,Food,80,0.3,2022-06-20,Unknown,India,12
"Aqua Security",Boston,Security,50,0.1,2024-07-17,"Series E","United States",325
"Aqua Security",Boston,Security,65,0.1,2022-12-05,"Series E","United States",265
Arc,"SF Bay Area",HR,13,,2022-07-20,Seed,"United States",1
"Arch Oncology",Brisbane,Healthcare,NULL,1.0,2023-01-13,"Series C","United States",155
Archipelago,"SF Bay Area","Real Estate",40,0.3,2023-08-01,"Series B","United States",57
"Argo AI",Pittsburgh,Transportation,150,0.05,2022-07-07,Unknown,"United States",3600
"Argo AI",Pittsburgh,Transportation,173,,2022-10-26,Unknown,"United States",3600
"Argo AI","SF Bay Area",Transportation,259,,2022-11-01,Unknown,"United States",3600
Argyle,"New York City",Finance,20,0.07,2022-08-26,"Series B","United States",78
Armis,"SF Bay Area",Security,25,0.04,2022-12-08,"Private Equity","United States",537
Arrival,London,Transportation,NULL,0.25,2023-10-05,Post-IPO,"United Kingdom",629
Arrival,London,Transportation,NULL,0.3,2022-07-13,Post-IPO,"United Kingdom",629
Arrival,London,Transportation,NULL,1.0,2025-03-10,Post-IPO,"United Kingdom",629
Arrival,London,Transportation,800,0.5,2023-01-30,Post-IPO,"United Kingdom",629
Articulate,"New York City",Education,38,,2023-02-02,"Series A","United States",1500
Artsy,"New York City",Retail,35,0.15,2023-06-29,"Series D","United States",100
Asana,"SF Bay Area",Other,100,,2025-02-04,Post-IPO,"United States",453
Asana,"SF Bay Area",Other,180,0.09,2022-11-15,Post-IPO,"United States",453
Aspiration,"Los Angeles",Finance,170,,2023-03-24,Unknown,"United States",250
Aspire,"SF Bay Area",Marketing,23,,2022-07-15,"Series A","United States",27
Assure,"Salt Lake City",Finance,NULL,1.0,2022-11-23,Seed,"United States",2
Astra,"SF Bay Area",Aerospace,NULL,0.16,2022-11-08,Post-IPO,"United States",300
Astra,"SF Bay Area",Aerospace,NULL,0.25,2023-08-04,Post-IPO,"United States",300
"Astrate Medical",Philadelphia,Healthcare,NULL,1.0,2024-02-05,"Series A","United States",13
Astronomer,Cincinnati,Data,100,0.4,2023-04-13,"Series C","United States",282
Astronomer,Cincinnati,Data,76,0.2,2023-01-04,"Series C","United States",282
At-Bay,"SF Bay Area",Security,27,0.09,2023-09-12,Unknown,"United States",296
Atera,"Tel Aviv",Other,20,0.06,2024-11-03,"Series B",Israel,102
Athennian,Calgary,Legal,30,,2023-07-05,"Series B",Canada,47
Atlas,Chicago,HR,150,0.3,2023-08-23,"Series B","United States",220
Atlassian,Sydney,Other,500,0.05,2023-03-06,Post-IPO,Australia,210
Atmosphere,Austin,Other,100,,2024-05-15,"Series D","United States",214
AtoB,"SF Bay Area",Finance,32,0.3,2022-10-19,"Series B","United States",177
Attentive,"New York City",Marketing,NULL,0.15,2023-01-05,"Series E","United States",863
AU10TIX,"Tel Aviv",Security,19,0.09,2023-01-31,Unknown,Israel,80
Audible,"New York City",Media,100,0.05,2024-01-11,Acquired,"United States",14
AudioCodes,"Tel Aviv",Other,80,0.06,2023-05-09,Post-IPO,Israel,91
Augury,"New York City",Manufacturing,20,0.05,2023-01-04,"Series E","United States",274
Augury,"New York City",Manufacturing,70,0.18,2023-08-02,"Series E","United States",274
Aura,Boston,Security,70,0.09,2022-06-23,"Series F","United States",500
Aurora,Pittsburgh,Transportation,NULL,0.03,2024-01-24,Post-IPO,"United States",3700
"Aurora Solar","SF Bay Area",Energy,111,0.2,2024-01-30,"Series D","United States",523
"Aurora Solar","SF Bay Area",Energy,58,,2025-01-16,"Series D","United States",523
Autograph,"Los Angeles",Crypto,30,0.33,2023-05-04,"Series B","United States",205
Automox,Boulder,Infrastructure,NULL,0.11,2022-04-18,"Series C","United States",152
"Ava Labs","New York City",Crypto,NULL,0.12,2023-11-06,Unknown,"United States",640
AvantStay,"Los Angeles",Travel,144,0.22,2022-11-09,"Private Equity","United States",686
AvantStay,"Los Angeles",Travel,37,,2023-06-20,"Private Equity","United States",686
AvantStay,"Los Angeles",Travel,80,,2022-06-29,Unknown,"United States",811
Avaya,Durham,Other,180,0.03,2024-08-01,Post-IPO,"United States",700
Avidbots,Kitchener,Hardware,50,0.14,2023-03-14,"Series C",Canada,106
Avo,"Tel Aviv",Food,500,0.67,2022-05-01,"Series B",Israel,45
Away,"New York City",Retail,NULL,0.25,2024-02-14,"Series D","United States",181
Away,"New York City",Retail,22,0.08,2023-05-31,"Series D","United States",181
"Axios Media","Washington D.C.",Media,50,0.1,2024-08-06,Acquired,"United States",57
Ayoconnect,Jakarta,Finance,NULL,0.1,2023-08-03,"Series B",Indonesia,43
Babylon,London,Healthcare,100,,2022-07-12,Post-IPO,"United Kingdom",1100
"Babylon Health",London,Healthcare,94,,2023-08-09,Post-IPO,"United Kingdom",1200
"Back Market",Paris,Retail,93,0.13,2022-12-23,"Series E",France,1000
Bakkt,Atlanta,Crypto,NULL,0.15,2022-12-08,Post-IPO,"United States",932
Bakkt,Atlanta,Crypto,28,,2024-05-03,Post-IPO,"United States",932
"Bally's Interactive",Providence,Consumer,NULL,0.15,2023-01-18,Post-IPO,"United States",946
Balto,"St. Louis",Sales,30,,2022-06-22,"Series B","United States",51
Balto,"St. Louis",Sales,35,,2022-12-12,"Series B","United States",51
Banxa,Melbourne,Crypto,70,0.3,2022-06-27,Post-IPO,Australia,13
Baraja,Sydney,Transportation,NULL,0.75,2023-02-08,Unknown,Australia,63
Bardee,Melbourne,Food,30,,2023-08-03,Seed,Australia,5
Bark,"New York City",Retail,NULL,0.08,2023-07-13,Post-IPO,"United States",282
"Basis Technologies",Chicago,Marketing,40,0.04,2023-02-21,"Series B","United States",52
Baton,"SF Bay Area",Transportation,16,0.25,2022-06-29,"Series A","United States",13
"Beam Benefits",Columbus,Healthcare,31,0.08,2023-02-08,"Series E","United States",168
"Beam Benefits",Columbus,Healthcare,74,,2024-01-10,"Series E","United States",168
Beamery,London,HR,NULL,0.12,2023-01-10,"Series D","United States",223
Beamery,London,HR,NULL,0.25,2023-11-16,"Series D","United Kingdom",223
BeepKart,Bengaluru,Retail,130,0.4,2024-10-08,"Series A",India,19
Bench,Vancouver,Finance,450,1.0,2024-12-27,"Series C",Canada,109
Benchling,"SF Bay Area",Other,74,0.09,2023-04-21,"Series F","United States",411
BenchSci,Toronto,Healthcare,70,0.17,2024-01-08,"Series D",Canada,164
Benevity,Calgary,Other,137,0.14,2023-01-18,Unknown,Canada,69
BenevolentAI,London,Healthcare,180,,2023-05-25,"Private Equity","United Kingdom",292
"Benitago Group","New York City",Retail,NULL,0.14,2022-11-04,"Series A","United States",380
"Berkeley Lights","SF Bay Area",Healthcare,NULL,0.12,2022-08-09,Post-IPO,"United States",272
"Berlin Brands Group",Berlin,Retail,100,0.1,2022-06-10,Unknown,Germany,1000
Bestow,Dallas,Finance,41,0.14,2022-06-24,"Series C","United States",137
"Better Therapeutics","SF Bay Area",Healthcare,NULL,0.35,2023-03-27,Post-IPO,"United States",143
Better.com,"New York City","Real Estate",3000,0.33,2022-03-08,Unknown,"United States",905
Betterfly,Santiago,Healthcare,NULL,0.3,2023-01-18,"Series C",Chile,204
Betterfly,Santiago,Healthcare,30,,2022-08-11,"Series C",Chile,204
Betterment,"New York City",Finance,28,,2023-02-15,"Series F","United States",435
BetterUp,"SF Bay Area",HR,100,0.16,2023-08-02,"Series E","United States",567
"Beyond Meat","Los Angeles",Food,200,0.19,2022-10-14,Post-IPO,"United States",122
"Beyond Meat","Los Angeles",Food,40,0.04,2022-08-03,Post-IPO,"United States",122
"Beyond Meat","Los Angeles",Food,65,0.08,2023-11-02,Post-IPO,"United States",122
BeyondMinds,"Tel Aviv",Data,65,1.0,2022-05-23,"Series A",Israel,16
BharatAgri,Mumbai,Food,40,0.43,2023-01-15,"Series A",India,21
"Big Cabal Media",Lagos,Media,NULL,0.19,2023-08-04,Seed,Nigeria,3
BigBear.ai,Baltimore,Data,NULL,0.07,2022-09-08,Post-IPO,"United States",200
BigCommerce,Austin,Retail,NULL,0.07,2023-11-08,Post-IPO,"United States",224
BigCommerce,Austin,Retail,180,0.13,2022-12-15,Post-IPO,"United States",224
BigPanda,"SF Bay Area",Infrastructure,40,0.13,2023-04-24,"Series E","United States",337
Bilibili,Shanghai,Media,NULL,0.3,2022-12-27,Post-IPO,China,3700
Bill.com,"SF Bay Area",Finance,NULL,0.15,2023-12-05,Post-IPO,"United States",280
BillGO,"Fort Collins",Finance,80,,2024-02-05,"Series B","United States",119
Biofourmis,Boston,Healthcare,120,,2023-08-31,"Series D","United States",464
BioMarin,"SF Bay Area",Healthcare,120,0.04,2022-10-07,Post-IPO,"United States",585
Bird,"Los Angeles",Transportation,138,0.23,2022-06-07,Post-IPO,"United States",783
"Bishop Fox",Phoenix,Security,50,0.13,2023-05-02,"Series B","United States",146
BitMEX,,Crypto,NULL,0.3,2022-11-02,Seed,Seychelles,0
BitMEX,,Crypto,75,0.25,2022-04-04,Seed,Seychelles,0
BitOasis,Dubai,Crypto,9,0.05,2022-06-19,"Series B","United Arab Emirates",30
Bitpanda,Vienna,Crypto,270,0.27,2022-06-24,"Series C",Austria,546
Bitrise,Budapest,Infrastructure,NULL,0.14,2022-09-14,"Series C",Hungary,83
BitSight,"Tel Aviv",Security,40,,2023-02-26,Unknown,Israel,401
Bitso,"Mexico City",Crypto,100,,2022-11-29,"Series C",Mexico,378
Bitso,"Mexico City",Crypto,80,0.11,2022-05-26,"Series C",Mexico,378
Bitwise,"SF Bay Area",Crypto,900,1.0,2023-06-14,"Series B","United States",84
Bizongo,Mumbai,Retail,50,,2023-10-05,"Series E",India,315
Bizpay,Sydney,Finance,NULL,0.3,2022-05-04,Unknown,Australia,45
Bizzabo,"New York City",Marketing,100,0.37,2022-12-01,"Series E","United States",194
Bizzabo,"New York City",Marketing,120,0.3,2022-07-05,"Series E","United States",194
BlackLine,"Los Angeles",Finance,95,0.05,2023-08-23,Post-IPO,"United States",220
BlackLine,"Los Angeles",Finance,95,0.05,2022-12-08,"Private Equity","United States",220
Blend,"SF Bay Area",Finance,100,0.06,2022-11-10,Post-IPO,"United States",665
Blend,"SF Bay Area",Finance,150,0.19,2023-08-09,Post-IPO,"United States",665
Blend,"SF Bay Area",Finance,200,0.1,2022-04-19,Post-IPO,"United States",665
Blend,"SF Bay Area",Finance,220,0.12,2022-08-15,Post-IPO,"United States",665
Blend,"SF Bay Area",Finance,340,0.28,2023-01-10,Post-IPO,"United States",665
BlissClub,Bengaluru,Retail,21,0.18,2024-02-09,"Series A",India,20
Block,"SF Bay Area",Finance,1000,0.1,2024-01-30,Post-IPO,"United States",150
Blockchain.com,London,Crypto,110,0.28,2023-01-12,"Series D","United Kingdom",490
Blockchain.com,London,Crypto,150,0.25,2022-07-21,"Series D","United Kingdom",490
BlockFi,"New York City",Crypto,NULL,1.0,2022-11-28,"Series E","United States",1000
BlockFi,"New York City",Crypto,250,0.2,2022-06-13,"Series E","United States",1000
"Blue Apron","New York City",Food,NULL,0.1,2022-12-08,Post-IPO,"United States",352
"Blue Apron","New York City",Food,NULL,0.2,2023-07-19,Post-IPO,"United States",422
"Blue Nile",Seattle,Retail,119,,2023-03-28,Acquired,"United States",62
"Blue Origin",Seattle,Aerospace,1000,0.1,2025-02-13,Unknown,"United States",167
"Blue Origin",Seattle,Aerospace,40,,2023-10-09,Unknown,"United States",167
Blueboard,"SF Bay Area",HR,NULL,1.0,2024-03-15,"Series A","United States",16
Bluelearn,Bengaluru,Education,NULL,1.0,2024-07-22,Seed,India,4
BlueStacks,"SF Bay Area",Other,60,,2022-07-20,"Series C","United States",48
Bluevine,"Tel Aviv",Finance,100,0.18,2024-12-10,Unknown,Israel,769
Bolt,"SF Bay Area",Finance,NULL,0.29,2023-12-14,"Series E","United States",1300
Bolt,"SF Bay Area",Finance,240,0.27,2022-05-25,"Series E","United States",1300
Bolt,"SF Bay Area",Finance,50,0.1,2023-01-24,"Series E","United States",1300
Bolt.Earth,Bengaluru,Energy,NULL,0.2,2023-12-29,"Series B",India,24
Bolt.Earth,Bengaluru,Energy,70,0.4,2024-04-06,"Series B",India,24
Bonsai,Toronto,Retail,29,0.34,2022-04-26,"Series A",Canada,27
Bonsai,Toronto,Retail,30,0.55,2022-06-20,"Series A",Canada,27
BookClub,"Salt Lake City",Education,12,0.25,2022-05-31,"Series A","United States",26
"Booking Holdings",Norwalk,Travel,60,,2024-12-04,Post-IPO,"United States",2800
Booktopia,Sydney,Retail,30,,2023-01-23,"Series A",Australia,23
Boost,"New York City",Finance,15,0.2,2023-04-04,"Series B","United States",37
"Boosted Commerce","Los Angeles",Retail,NULL,0.05,2022-07-22,"Series B","United States",137
Boozt,Malmo,Retail,NULL,0.1,2025-01-13,Post-IPO,Sweden,56
Boozt,Malmo,Retail,70,0.05,2022-06-09,Post-IPO,Sweden,56
Bounce,Bengaluru,Transportation,40,0.05,2023-01-06,"Series D",India,214
"Bowery Farming","New York City",Food,NULL,1.0,2024-11-01,Unknown,"United States",626
Boxed,"New York City",Retail,32,0.25,2023-03-15,Post-IPO,"United States",365
Brainly,Krakow,Education,NULL,0.3,2023-05-24,"Series D",Poland,148
Brainly,Krakow,Education,25,,2022-11-06,"Series D",Poland,148
Branch,Columbus,Finance,186,,2023-06-08,"Series C","United States",229
Branch,Columbus,Finance,85,,2024-01-09,"Series C","United States",229
Branch.io,"SF Bay Area",Marketing,100,,2024-08-09,"Series F","United States",667
Brave,"SF Bay Area",Consumer,NULL,0.09,2023-10-06,"Series B","United States",42
Brave,"SF Bay Area",Consumer,27,0.14,2024-08-28,"Series B","United States",42
"Brave Care",Portland,Healthcare,NULL,1.0,2024-12-31,"Series B","United States",43
"Brave Care",Portland,Healthcare,40,0.33,2022-09-06,"Series B","United States",42
Breathe,"New Delhi",Healthcare,50,0.33,2022-06-14,"Series A",India,6
Brex,"SF Bay Area",Finance,136,0.11,2022-10-11,"Series D","United States",1500
Brex,"SF Bay Area",Finance,282,0.2,2024-01-23,"Series D","United States",1500
Bridgit,Waterloo,Construction,13,0.13,2022-12-06,"Series B",Canada,36
"Bright Machines","SF Bay Area",Data,30,0.08,2022-06-28,Unknown,Israel,250
"Bright Money",Bengaluru,Finance,100,0.5,2022-07-15,"Series A",India,31
Brightcove,Boston,Marketing,70,0.1,2023-05-03,Post-IPO,"United States",145
Brighte,Sydney,Energy,30,0.15,2022-06-20,"Series C",Australia,145
Brighte,Sydney,Energy,58,,2022-09-09,"Series C",Australia,145
Brightline,"SF Bay Area",Healthcare,NULL,0.2,2022-11-01,"Series C","United States",212
Brilliant,"SF Bay Area",Hardware,NULL,1.0,2024-05-08,"Series B","United States",64
Britishvolt,London,Transportation,206,1.0,2023-01-17,Unknown,"United Kingdom",2400
Briza,Toronto,Finance,26,0.4,2022-12-20,"Series A",Canada,10
Brodmann17,"Tel Aviv",Other,NULL,1.0,2022-12-09,"Series A",Israel,25
Bryter,Berlin,Product,100,0.3,2022-07-13,"Series B",Germany,89
Buenbit,"Buenos Aires",Crypto,80,0.45,2022-05-23,"Series A",Argentina,11
"Built In",Chicago,Recruiting,50,0.25,2022-10-05,"Series C","United States",29
"Built Technologies copy",Nashville,Construction,NULL,0.08,2023-02-03,Unknown,"United States",313
Bullhorn,Boston,Sales,140,0.09,2023-10-19,Acquired,"United States",32
Bullish,"Hong Kong",Crypto,30,0.08,2022-07-05,Unknown,"Hong Kong",300
Bumble,Austin,Consumer,350,0.3,2024-02-27,Post-IPO,"United States",313
"Bundle Africa",Lagos,Crypto,NULL,1.0,2023-07-21,Seed,Nigeria,1
Bungalow,"SF Bay Area","Real Estate",70,,2022-06-22,"Series C","United States",171
Bungie,Seattle,Consumer,220,0.17,2024-07-31,Acquired,"United States",100
Buser,"Sao Paulo",Transportation,160,0.3,2022-12-08,"Series C",Brazil,138
"Business Insider","New York City",Media,NULL,0.08,2024-01-25,Acquired,"United States",56
"Bustle Digital Group","New York City",Media,NULL,0.08,2023-02-01,"Series E","United States",80
"Butler Hospitality","New York City",Food,1000,1.0,2022-07-08,"Series B","United States",50
"Butterfly Network",Boston,Healthcare,NULL,0.25,2023-01-04,Post-IPO,"United States",530
"Butterfly Network","New Haven",Healthcare,NULL,0.1,2022-08-02,Post-IPO,"United States",530
"Butterfly Network copy",Boston,Healthcare,NULL,0.25,2023-07-11,Post-IPO,"United States",530
Buzzer,"New York City",Consumer,NULL,1.0,2023-06-30,"Series A","United States",24
Buzzer,"New York City",Media,NULL,0.2,2022-06-20,Unknown,"United States",32
BuzzFeed,"New York City",Media,NULL,0.16,2024-02-21,Post-IPO,"United States",696
BuzzFeed,"New York City",Media,180,0.12,2022-12-06,Post-IPO,"United States",696
BuzzFeed,"New York City",Media,180,0.15,2023-04-20,Post-IPO,"United States",696
Byju's,Bengaluru,Education,1000,,2023-06-07,"Private Equity",India,5500
Byju's,Bengaluru,Education,1500,,2023-02-02,"Private Equity",India,5500
Byju's,Bengaluru,Education,2500,0.05,2022-10-12,"Private Equity",India,5500
Byju's,Bengaluru,Education,500,0.03,2024-04-02,"Private Equity",India,5500
Bytedance,Jakarta,Consumer,450,,2024-06-12,Unknown,Indonesia,9400
Bytedance,Jakarta,Consumer,500,,2024-10-11,Unknown,Indonesia,9400
Bytedance,Shanghai,Consumer,NULL,0.1,2023-01-03,Unknown,China,9400
Bytedance,Shanghai,Consumer,1000,,2023-11-27,Unknown,China,9400
Bytedance,Shanghai,Consumer,150,,2022-06-17,Unknown,China,9400
C2FO,"Kansas City",Finance,16,,2024-06-18,"Series H","United States",537
C2FO,"Kansas City",Finance,20,0.02,2022-12-09,"Series H","United States",537
C2FO,"Kansas City",Finance,80,0.03,2023-10-16,"Series H","United States",537
Cabify,Madrid,Transportation,29,,2024-05-02,Unknown,Spain,601
"Cake Bikes",Stockholm,Transportation,NULL,1.0,2024-02-02,Unknown,Sweden,74
Calendly,Atlanta,Other,60,0.1,2023-07-26,"Series B","United States",351
Calendly,Atlanta,Other,70,0.13,2024-12-11,"Series B","United States",351
Calibrate,"New York City",Healthcare,NULL,0.18,2023-04-14,"Series B","United States",127
Calibrate,"New York City",Healthcare,156,0.24,2022-07-08,"Series B","United States",127
Caliva,"SF Bay Area",Retail,54,,2023-08-08,"Series B","United States",75
Calm,"SF Bay Area",Healthcare,90,0.2,2022-08-11,"Series C","United States",218
Cameo,Chicago,Consumer,80,,2023-07-18,Unknown,"United States",165
Cameo,Chicago,Consumer,87,0.25,2022-05-04,Unknown,"United States",165
"Camp K12",Gurugram,Education,NULL,0.7000000000000001,2023-01-23,"Series A",India,16
Cana,"SF Bay Area",Food,NULL,1.0,2023-05-13,Unknown,"United States",30
"Candy Digital","New York City",Crypto,30,,2023-06-29,"Series A","United States",138
"Candy Digital","New York City",Crypto,33,0.33,2022-11-28,"Series A","United States",100
Canoo,"Los Angeles",Transportation,20,,2024-12-11,Post-IPO,"United States",300
Canoo,"Los Angeles",Transportation,58,0.06,2022-07-01,Post-IPO,"United States",300
Capitolis,"New York City",Finance,NULL,0.25,2022-11-18,"Series D","United States",281
Capitolis,"New York City",Finance,37,0.25,2022-11-17,"Series D","United States",281
Capsule,"New York City",Healthcare,NULL,0.13,2022-07-19,"Series D","United States",570
"Captain Fresh",Bengaluru,Food,120,,2023-01-15,"Series C",India,126
Captiv8,"SF Bay Area",Marketing,8,0.03,2023-08-24,Unknown,"United States",4
CaptivateIQ,"SF Bay Area",Sales,31,0.1,2022-11-15,"Series C","United States",164
"Carbon Health","SF Bay Area",Healthcare,114,0.05,2023-10-09,"Series D","United States",522
"Carbon Health","SF Bay Area",Healthcare,200,,2023-01-06,"Series D","United States",522
"Carbon Health","SF Bay Area",Healthcare,250,0.08,2022-06-02,"Series D","United States",522
"Carbon Health","SF Bay Area",Healthcare,56,,2024-02-23,"Series D","United States",522
Cardlytics,Atlanta,Marketing,51,,2022-11-14,Post-IPO,"United States",212
Care/of,"New York City",Healthcare,143,1.0,2024-06-15,Acquired,"United States",83
"Career Karma","SF Bay Area",Education,22,,2023-01-12,"Series B","United States",51
"Career Karma","SF Bay Area",Education,60,0.33,2022-07-28,"Series B","United States",51
CareRev,"Los Angeles",Healthcare,100,0.33,2023-06-15,"Series A","United States",51
Carousell,Singapore,Retail,110,0.1,2022-12-01,"Private Equity",Singapore,372
Carousell,Singapore,Retail,76,0.07,2024-12-06,Unknown,Singapore,375
Cars24,Gurugram,Transportation,600,0.06,2022-05-19,"Series G",India,1300
Cars24,Jakarta,Transportation,100,,2023-05-03,"Series G",Indonesia,1300
Carsome,"Kuala Lumpur",Transportation,NULL,0.1,2022-09-30,"Series E",Malaysia,607
Cart.com,Austin,Retail,25,0.04,2023-01-10,Unknown,"United States",383
Carta,"SF Bay Area",HR,NULL,0.1,2023-01-11,"Series G","United States",1100
Carvana,Phoenix,Transportation,1500,0.08,2022-11-18,Post-IPO,"United States",1600
Carvana,Phoenix,Transportation,2500,0.12,2022-05-10,Post-IPO,"United States",1600
Carwow,London,Transportation,70,0.2,2022-11-25,Unknown,"United Kingdom",157
Casavo,Milan,"Real Estate",NULL,0.3,2023-02-13,Unknown,Italy,708
"Cashfree Payments",Bengaluru,Finance,100,,2023-01-12,"Series B",India,41
Catch,"New York City",Finance,NULL,1.0,2023-03-07,"Series A","United States",18
Catch.com.au,Melbourne,Retail,100,,2023-02-06,Acquired,Australia,80
Cazoo,London,Transportation,750,0.15,2022-06-07,Post-IPO,"United Kingdom",2000
Cedar,"New York City",Healthcare,NULL,0.24,2022-07-07,"Series D","United States",351
Cellulant,Nairobi,Finance,NULL,0.2,2023-08-23,"Series C",Kenya,54
Celsius,"New York City",Crypto,150,0.25,2022-07-03,"Series B","United States",864
Center,Seattle,Finance,8,0.04,2024-09-07,"Series C","United States",102
Cerebral,"SF Bay Area",Healthcare,285,0.15,2023-02-27,"Series C","United States",462
Cerebral,"SF Bay Area",Healthcare,400,0.2,2022-10-24,"Series C","United States",462
Chainalysis,"New York City",Crypto,150,0.15,2023-10-02,"Series F","United States",536
Chainalysis,"New York City",Crypto,44,0.05,2023-02-01,"Series F","United States",536
"Change Invest",Amsterdam,Finance,NULL,0.24,2022-11-27,Unknown,Netherlands,22
Change.org,"SF Bay Area",Other,NULL,0.19,2022-07-28,"Series D","United States",72
Character.ai,"SF Bay Area",AI,6,0.05,2024-08-29,"Series A","United States",150
Chargebee,"SF Bay Area",Finance,100,0.1,2023-09-11,"Series H","United States",468
Chargebee,"SF Bay Area",Finance,142,0.1,2022-11-02,"Series H","United States",468
ChargePoint,"SF Bay Area",Manufacturing,NULL,0.1,2023-09-08,Unknown,"United States",1400
ChargePoint,"SF Bay Area",Manufacturing,NULL,0.12,2024-01-10,Unknown,"United States",1400
ChargePoint,"SF Bay Area",Manufacturing,250,0.15,2024-09-04,Unknown,"United States",1400
Checkmarx,"Tel Aviv",Security,100,0.1,2022-11-02,"Series C",Israel,92
Checkout.com,London,Finance,100,0.05,2022-09-13,"Series D","United Kingdom",1800
Checkout.com,London,Finance,80,,2023-12-18,"Series D","United Kingdom",1800
Checkr,"SF Bay Area",HR,382,0.32,2024-04-09,"Series D","United States",679
Chegg,"SF Bay Area",Education,319,0.21,2024-11-12,Post-IPO,"United States",227
Chegg,"SF Bay Area",Education,441,0.23,2024-06-17,Post-IPO,"United States",227
Chegg,"SF Bay Area",Education,80,0.04,2023-06-12,Post-IPO,"United States",227
Chessable,London,Consumer,29,,2022-07-04,Acquired,"United Kingdom",0
Chewy,Miami,Retail,200,,2023-11-14,Post-IPO,"United States",451
"Chia Network","SF Bay Area",Crypto,26,0.37,2023-10-02,"Series D","United States",70
Chief,"New York City",Other,43,0.14,2023-04-27,"Series B","United States",140
"Chili Piper","New York City",Sales,58,,2022-11-17,"Series B","United States",54
Chime,"SF Bay Area",Finance,156,0.12,2022-11-02,"Series G","United States",2300
Chingari,Bengaluru,Media,NULL,0.5,2023-08-24,Unknown,India,88
Chingari,Bengaluru,Media,48,0.2,2023-06-19,Unknown,India,88
"Chipper Cash","SF Bay Area",Finance,100,0.33,2023-02-17,"Series C","United States",302
"Chipper Cash","SF Bay Area",Finance,15,0.33,2023-12-11,"Series C","United States",302
"Chipper Cash","SF Bay Area",Finance,20,,2024-03-15,"Series C","United States",302
"Chipper Cash","SF Bay Area",Finance,50,0.125,2022-12-06,"Series C","United States",302
Chope,Singapore,Food,65,0.24,2022-12-20,"Series E",Singapore,50
ChowNow,"Los Angeles",Food,100,0.2,2022-07-13,"Series C","United States",64
ChowNow,"Los Angeles",Food,40,0.1,2022-12-14,"Series C","United States",64
ChowNow,"Los Angeles",Food,60,0.2,2024-03-28,"Series C","United States",64
Chrono24,Karlsruhe,Retail,110,0.24,2025-01-16,"Series C",Germany,205
Chrono24,Karlsruhe,Retail,65,0.13,2023-01-30,"Series C",Germany,205
Chrono24,Karlsruhe,Retail,80,,2022-12-08,"Series C",Germany,205
Cimpress,Paris,Retail,500,,2023-03-23,Post-IPO,France,300
Cint,Stockholm,Data,NULL,0.12,2024-12-12,Post-IPO,Sweden,17
Circle,Boston,Crypto,50,0.06,2024-12-05,"Private Equity","United States",1100
CircleCI,"SF Bay Area",Product,NULL,0.17,2022-12-07,"Series F","United States",315
CircleCI,"SF Bay Area",Product,100,,2024-01-31,"Series F","United States",315
"Circulo Health",Columbus,Healthcare,NULL,0.5,2022-06-16,"Series A","United States",50
"Circus Kitchens",Hamburg,Food,35,,2023-05-25,Seed,Germany,12
Cisco,"SF Bay Area",Infrastructure,350,,2023-09-17,Post-IPO,"United States",2
Cisco,"SF Bay Area",Infrastructure,4100,0.05,2022-11-16,Post-IPO,"United States",2
Cisco,"SF Bay Area",Infrastructure,4250,0.05,2024-02-14,Post-IPO,"United States",2
Cisco,"SF Bay Area",Infrastructure,5600,0.07,2024-08-09,Post-IPO,"United States",2
Citizen,"New York City",Consumer,33,,2023-01-11,"Series C","United States",133
"Citrine Informatics","SF Bay Area",Data,22,0.27,2023-01-20,"Series C","United States",64
Citrix,Miami,Infrastructure,NULL,0.15,2023-01-10,Acquired,"United States",20
Citrix,Miami,Infrastructure,1000,0.12,2024-01-10,Acquired,"United States",20
"Cityblock Health","New York City",Healthcare,155,0.12,2023-06-08,"Series D","United States",891
CityMall,Gurugram,Retail,191,0.3,2022-06-19,"Series C",India,112
CityMall,Gurugram,Retail,90,,2023-10-16,"Series C",India,112
Clari,"SF Bay Area",Sales,20,,2023-02-06,"Series F","United States",496
Clari,"SF Bay Area",Sales,45,,2022-08-31,"Series F","United States",496
"Clarify Health","SF Bay Area",Healthcare,15,0.05,2022-07-22,"Series D","United States",328
Clear,Bengaluru,Finance,190,0.2,2022-09-16,"Series C",India,140
Clearco,Toronto,Finance,125,0.25,2022-07-29,"Series C",Canada,681
ClearCo,Toronto,Finance,50,0.3,2023-01-16,"Series C",Canada,698
Clearco,Toronto,Finance,60,,2022-06-06,"Series C",Canada,681
Clearcover,Chicago,Finance,NULL,0.28,2023-09-01,"Series D","United States",304
Clearcover,Chicago,Finance,81,0.15,2023-04-17,"Series D","United States",304
ClickUp,"San Diego",Other,60,0.07,2022-05-23,"Series C","United States",537
ClickUp,"San Diego",Other,90,0.1,2023-06-28,"Series C","United States",537
Clockwork,Dallas,Crypto,NULL,1.0,2023-08-28,Seed,"United States",4
CloudFactory,Nairobi,Data,NULL,0.12,2022-11-09,"Private Equity",Kenya,78
Cloudflare,"SF Bay Area",Security,40,,2024-01-11,Post-IPO,"United States",332
Cloudinary,"SF Bay Area",Media,40,0.08,2022-11-14,Unknown,"United States",100
Clubhouse,"SF Bay Area",Consumer,NULL,0.5,2023-04-27,"Series C","United States",110
Clue,Berlin,Healthcare,31,0.31,2023-01-18,Unknown,Germany,47
Clutch,Toronto,Transportation,150,,2023-01-17,Unknown,Canada,253
Clutch,Toronto,Transportation,76,0.22,2022-06-29,"Series B",Canada,153
Clyde,"New York City",Marketing,22,,2022-04-25,"Series B","United States",58
CNET,"SF Bay Area",Media,12,0.1,2023-03-02,Acquired,"United States",20
CoachHub,Berlin,HR,NULL,0.1,2023-01-24,"Series C",Germany,332
Code42,Minneapolis,Security,NULL,0.15,2022-11-07,Unknown,"United States",137
CodeSee,"SF Bay Area",Data,NULL,1.0,2024-02-15,Seed,"United States",10
Codexis,"SF Bay Area",Healthcare,NULL,0.18,2022-11-29,Post-IPO,"United States",162
Cohere,Toronto,AI,20,0.05,2024-07-23,"Series D",Canada,935
Coinbase,"SF Bay Area",Crypto,1100,0.18,2022-06-14,Post-IPO,"United States",549
Coinbase,"SF Bay Area",Crypto,60,,2022-11-10,Post-IPO,"United States",549
Coinbase,"SF Bay Area",Crypto,950,0.2,2023-01-10,Post-IPO,"United States",549
CoinDCX,Mumbai,Crypto,NULL,0.12,2023-08-22,"Series D",India,247
CoinDCX,Mumbai,Crypto,80,,2023-01-11,"Series D",India,244
CoinJar,Melbourne,Crypto,10,0.2,2022-11-29,Unknown,Australia,1
Coinsquare,Toronto,Crypto,30,0.24,2022-07-27,Unknown,Canada,98
CoinSwitch,Bengaluru,Crypto,44,,2023-08-28,"Series C",India,301
CoinTracker,"SF Bay Area",Crypto,19,,2023-01-28,"Series A","United States",101
CoLab,Sydney,Food,NULL,1.0,2023-04-18,Seed,Australia,3
"Collective Health","SF Bay Area",Healthcare,54,,2023-02-13,"Series F","United States",719
"Color Health","SF Bay Area",Healthcare,300,,2023-03-01,"Series E","United States",482
Colossus,Boston,Energy,97,,2022-05-04,"Series A","United States",41
Commercetools,Munich,Retail,NULL,0.1,2025-02-26,"Series C",Germany,119
CommonBond,"New York City",Finance,NULL,1.0,2022-09-09,"Series D","United States",125
CommonBond,"New York City",Finance,22,,2022-05-13,"Series D","United States",130
Community,"Los Angeles",Marketing,40,0.3,2022-06-21,Unknown,"United States",40
"Community Gaming","New York City",Crypto,17,0.17,2023-04-14,"Series A","United States",18
Compass,"New York City","Real Estate",271,,2022-09-20,Post-IPO,"United States",1600
Compass,"New York City","Real Estate",450,0.1,2022-06-14,Post-IPO,"United States",1600
Compete,"Tel Aviv",HR,11,0.28,2022-09-12,"Series A",Israel,17
ComplYant,"Los Angeles",Finance,NULL,1.0,2024-04-29,Seed,"United States",6
Confluent,"SF Bay Area",Data,221,0.08,2023-01-26,Post-IPO,"United States",455
ConnectedH,Gurugram,Healthcare,NULL,1.0,2023-08-02,Seed,India,2
ConsenSys,"New York City",Crypto,100,0.11,2023-01-10,"Series D","United States",726
ConsenSys,"New York City",Crypto,163,0.2,2024-10-29,"Series D","United States",726
ContraFect,"New York City",Healthcare,16,0.37,2022-08-15,Post-IPO,"United States",380
Convoy,Seattle,Logistics,30,0.05,2023-06-26,"Series E","United States",1100
Convoy,Seattle,Logistics,500,1.0,2023-10-19,"Series E","United States",1100
Convoy,Seattle,Logistics,90,0.07,2022-06-09,"Series E","United States",1100
Copia,Nairobi,Retail,1060,,2024-06-06,"Series C",Kenya,103
Copia,Nairobi,Retail,350,0.25,2023-07-26,"Series C",Kenya,103
Copper,London,Crypto,NULL,0.15,2023-03-22,"Series C","United Kingdom",281
"Core Scientific",Austin,Crypto,NULL,0.1,2022-08-12,Post-IPO,"United States",169
Cornershop,Santiago,Food,200,,2024-04-10,Acquired,Chile,32
Cornershop,Santiago,Food,250,0.11,2023-05-11,Acquired,Chile,31
"Corvus Insurance",Boston,Finance,NULL,0.14,2023-01-24,"Series C","United States",160
"Coterie Insurance",Cincinnati,Finance,30,0.2,2022-05-25,"Series B","United States",70
"Course Hero","SF Bay Area",Education,NULL,0.25,2023-12-05,"Series C","United States",477
"Course Hero","SF Bay Area",Education,42,0.15,2023-03-16,"Series C","United States",477
Coursera,"SF Bay Area",Education,150,0.1,2024-10-25,Post-IPO,"United States",458
CoverMyMeds,Columbus,Healthcare,800,,2023-03-29,Acquired,"United States",5
Cowbell,"SF Bay Area",Finance,28,0.12,2023-09-29,"Series B","United States",123
Crejo.Fun,Bengaluru,Education,170,1.0,2022-06-30,Seed,India,3
Criteo,Paris,Marketing,140,0.04,2024-04-12,Post-IPO,France,61
Crossbeam,Philadelphia,Sales,17,0.15,2023-03-30,"Series C","United States",116
Cruise,"SF Bay Area",Transportation,1000,0.5,2025-02-04,Acquired,"United States",15000
Cruise,"SF Bay Area",Transportation,900,0.24,2023-12-14,Acquired,"United States",15000
Crunchyroll,Tokyo,Media,85,,2023-02-21,Unknown,Japan,26
Crypto.com,Singapore,Crypto,2000,0.3,2022-10-06,Unknown,Singapore,156
Crypto.com,Singapore,Crypto,260,0.05,2022-06-10,Unknown,Singapore,156
"CS Disco",Austin,Legal,NULL,0.08,2023-05-11,Post-IPO,"United States",233
"CS Disco",Austin,Legal,62,0.09,2023-01-19,Post-IPO,"United States",233
Cue,"San Diego",Healthcare,170,,2022-06-27,Post-IPO,"United States",999
Cue,"San Diego",Healthcare,388,,2023-01-05,Post-IPO,"United States",999
"Cue Health","San Diego",Healthcare,180,1.0,2024-05-22,Post-IPO,"United States",899
"Cue Health","San Diego",Healthcare,230,0.49,2024-05-03,Post-IPO,"United States",899
"Cue Health","San Diego",Healthcare,245,0.3,2024-02-02,Post-IPO,"United States",899
"Cue Health","San Diego",Healthcare,326,0.3,2023-04-28,Post-IPO,"United States",899
"Cue Health","San Diego",Healthcare,94,0.13,2024-01-05,Post-IPO,"United States",899
Cuemath,Bengaluru,Education,100,,2023-08-26,Unknown,India,121
Cult.fit,Bengaluru,Fitness,100,,2024-01-24,"Series F",India,635
"Culture Amp",Melbourne,HR,90,0.09,2023-04-18,"Series F",Australia,257
Curative,"Los Angeles",Healthcare,109,,2022-09-20,Seed,"United States",8
Cure.fit,Bengaluru,Fitness,120,,2024-01-23,"Series F",India,625
Curology,"SF Bay Area",Healthcare,150,,2022-03-16,"Series D","United States",19
Curve,London,Finance,65,0.1,2022-06-01,"Series C","United Kingdom",182
Cushion,"SF Bay Area",Finance,NULL,1.0,2025-01-30,"Series A","United States",20
Cybereason,Boston,Security,100,0.06,2022-06-01,"Series F","United States",750
Cybereason,Boston,Security,200,0.17,2022-10-26,"Series F","United States",750
CyCognito,"SF Bay Area",Security,30,0.15,2022-12-08,"Series C","United States",153
Cypress.io,Atlanta,Product,11,,2024-06-14,"Series B","United States",54
Cyren,"Washington D.C.",Security,121,,2023-02-01,Post-IPO,"United States",161
"Cyteir Therapeutics",Boston,Healthcare,NULL,0.7000000000000001,2023-01-20,"Series C","United States",156
D-ID,"Tel Aviv",AI,22,0.25,2025-03-10,"Series B",Israel,48
D2iQ,"SF Bay Area",Infrastructure,NULL,1.0,2023-12-08,"Series D","United States",247
D2L,Waterloo,Education,NULL,0.05,2022-11-16,Post-IPO,Canada,168
"Daily Harvest","New York City",Food,NULL,0.15,2022-08-08,"Series D","United States",120
"Daily Harvest","New York City",Food,60,0.2,2022-02-10,"Series D","United States",120
DailyPay,"New York City",Finance,NULL,0.15,2022-08-09,Unknown,"United States",814
Daloopa,"New Delhi",Data,40,,2022-05-27,"Series A",India,23
Dance,Berlin,Transportation,NULL,0.16,2022-11-16,Unknown,Germany,63
"Dapper Labs",Vancouver,Crypto,NULL,0.2,2023-02-23,"Series D","United States",607
"Dapper Labs",Vancouver,Crypto,134,0.22,2022-11-02,"Series D","United States",607
Dash,"New York City",Finance,NULL,1.0,2023-10-06,Unknown,"United States",86
Dastgyr,Karachi,Retail,NULL,0.8,2024-01-12,"Series A",Pakistan,41
Dataminr,"New York City",AI,150,0.2,2023-11-28,"Series F","United States",1100
DataRails,"Tel Aviv",Finance,30,0.18,2022-12-05,"Series B",Israel,103
DataRobot,Boston,Data,NULL,0.26,2022-08-23,"Series G","United States",1000
DataRobot,Boston,Data,70,0.07,2022-05-11,"Series G","United States",1000
Datree,"SF Bay Area",Other,NULL,1.0,2023-07-27,Seed,"United States",11
Dayforce,Toronto,HR,NULL,0.05,2025-02-26,Post-IPO,"United States",40
Daylight,"Los Angeles",Finance,NULL,1.0,2023-05-22,"Series A","United States",20
DayTwo,"SF Bay Area",Healthcare,NULL,1.0,2024-08-13,"Series B","United States",90
"dbt Labs",Philadelphia,Data,NULL,0.15,2023-05-18,"Series D","United States",414
DealShare,Bengaluru,Retail,100,0.06,2023-01-27,"Series E",India,390
DealShare,Bengaluru,Retail,130,,2023-09-21,"Series E",India,390
Dealtale,"Tel Aviv",Sales,70,1.0,2023-08-09,Acquired,"United States",2
"Deep Instict","New York City",Security,46,0.15,2023-07-25,Unknown,"United States",322
"Deep Instinct","New York City",Security,NULL,0.1,2022-06-06,"Series D","United States",259
Deepgram,"SF Bay Area",AI,20,0.2,2023-10-11,"Series B","United States",86
DeepVerge,Dublin,Healthcare,50,1.0,2023-07-12,Post-IPO,Ireland,20
Deepwatch,"Tampa Bay",Security,30,0.07,2023-07-13,"Series C","United States",256
Degreed,"SF Bay Area",Education,NULL,0.15,2022-06-29,"Series D","United States",411
DeHaat,Patna,Food,NULL,0.05,2023-01-15,"Series E",India,254
Deliveroo,London,Food,350,0.09,2023-02-09,Post-IPO,"United Kingdom",1700
"Deliveroo Australia","Melbourne Victoria",Food,120,1.0,2022-11-15,Post-IPO,Australia,1700
"Delivery Hero",Berlin,Food,100,,2022-11-03,Post-IPO,Germany,8300
"Delivery Hero",Berlin,Food,156,0.04,2023-01-30,Post-IPO,Germany,9900
"Delivery Hero",Berlin,Food,200,,2024-07-31,Post-IPO,Germany,9900
Demandbase,"SF Bay Area",Sales,27,0.03,2022-09-07,"Series H","United States",143
"Desktop Metal",Boston,Other,NULL,0.12,2022-06-13,Post-IPO,"United States",811
"Desktop Metal",Boston,Other,NULL,0.2,2024-01-24,Post-IPO,"United States",811
Detectify,Stockholm,Security,30,,2023-08-18,Unknown,Sweden,42
Devo,Boston,Security,NULL,0.15,2022-11-21,"Series F","United States",481
Digimarc,Portland,Other,90,0.4,2025-02-27,Post-IPO,"United States",105
"Digital River",Minneapolis,Retail,122,,2025-01-28,"Private Equity","United States",50
DigitalOcean,"New York City",Infrastructure,200,0.11,2023-02-15,Post-IPO,"United States",491
Discord,"SF Bay Area",Consumer,170,0.17,2024-01-11,"Series H","United States",995
Discord,"SF Bay Area",Consumer,37,0.04,2023-08-03,"Series H","United States",995
DispatchHealth,Denver,Healthcare,88,,2024-01-29,"Series E","United States",733
"Divvy Homes","SF Bay Area","Real Estate",40,0.12,2022-09-27,"Series B","United States",180
"Divvy Homes","SF Bay Area","Real Estate",94,,2023-09-11,"Series B","United States",180
divvyDOSE,Davenport,Healthcare,62,,2022-05-06,Acquired,"United States",0
Dock,"Sao Paulo",Finance,190,0.12,2022-11-07,"Private Equity",Brazil,280
Docker,"SF Bay Area",Infrastructure,NULL,0.1,2024-10-29,"Series C","United States",436
DocuSign,"SF Bay Area",Sales,440,0.06,2024-02-06,Post-IPO,"United States",536
DocuSign,"SF Bay Area",Sales,671,0.09,2022-09-28,Post-IPO,"United States",536
DocuSign,"SF Bay Area",Sales,680,0.1,2023-02-16,Post-IPO,"United States",536
Doma,"SF Bay Area",Finance,250,0.13,2022-08-04,Post-IPO,"United States",679
Doma,"SF Bay Area",Finance,310,0.15,2022-05-10,Post-IPO,"United States",679
Doma,"SF Bay Area",Finance,515,0.4,2022-12-06,Post-IPO,"United States",679
Domestika,Madrid,Education,89,0.45,2023-03-31,"Series D",Spain,130
Domestika,"SF Bay Area",Education,150,0.19,2022-04-28,"Series D","United States",130
"Domino Data Lab","SF Bay Area",Data,NULL,0.25,2022-11-07,"Series F","United States",223
Domo,"Salt Lake City",Data,NULL,0.07,2023-11-30,Post-IPO,"United States",689
Dooly,Vancouver,Sales,12,,2022-08-09,"Series B",Canada,102
DoorDash,"SF Bay Area",Food,1250,0.06,2022-11-30,Post-IPO,"United States",2500
dot.LA,"Los Angeles",Media,NULL,1.0,2023-06-12,Seed,"United States",4
Doubtnut,Gurugram,Education,NULL,0.3,2022-10-31,"Series B",India,49
Dover,"SF Bay Area",Recruiting,23,0.3,2022-07-26,"Series A","United States",22
Doximity,"SF Bay Area",Healthcare,100,0.1,2023-08-08,Post-IPO,"United States",82
Dozee,Bengaluru,Healthcare,40,,2024-09-02,"Series A",India,26
DraftKings,Boston,Consumer,140,0.04,2023-02-01,Post-IPO,"United States",719
Dragos,Baltimore,Security,50,0.09,2023-06-06,"Series D","United States",364
Drata,"San Diego",Security,40,0.09,2024-09-26,"Series C","United States",328
Drift,Boston,Marketing,100,0.25,2023-09-07,Acquired,"United States",107
Drift,Boston,Marketing,59,,2023-02-06,Acquired,"United States",107
"Drip Capital","SF Bay Area",Finance,75,0.2,2023-04-14,"Series C","United States",85
DriveWealth,"Jersey City",Finance,NULL,0.2,2023-01-26,"Series D","United States",550
Drizly,Boston,Retail,100,,2023-03-29,Acquired,"United States",119
Drizly,Boston,Retail,168,1.0,2024-02-05,Acquired,"United States",119
Drop,Toronto,Marketing,24,,2022-11-01,"Series B",Canada,56
Dropbox,"SF Bay Area",Other,500,0.16,2023-04-27,Post-IPO,"United States",1700
Dropbox,"SF Bay Area",Other,527,0.2,2024-10-30,Post-IPO,"United States",1700
Dropp,Berlin,Retail,60,1.0,2023-02-14,Unknown,Germany,2
"Duck Creek Technologies",Boston,Finance,NULL,0.09,2023-07-12,Acquired,"United States",357
Dukaan,Bengaluru,Retail,23,,2022-10-31,"Series A",India,17
Dukaan,Bengaluru,Retail,56,0.3,2023-03-15,"Series A",India,17
Dunzo,Bengaluru,Food,NULL,0.03,2023-01-16,Unknown,India,382
Dunzo,Bengaluru,Food,150,0.3,2023-09-26,Unknown,India,458
Dunzo,Bengaluru,Food,150,0.75,2024-08-31,Unknown,India,458
Dunzo,Bengaluru,Food,300,0.3,2023-04-05,Unknown,India,382
Dutchie,Bend,Other,50,0.07,2022-06-06,"Series D","United States",603
DwellWell,"Los Angeles","Real Estate",NULL,1.0,2023-12-04,Seed,"United States",6
dYdX,"SF Bay Area",Crypto,NULL,0.35,2024-10-29,"Series C","United States",87
Earnix,"Tel Aviv",Finance,30,0.1,2023-05-04,Unknown,Israel,100
"Earth Rides",Nashville,Transportation,NULL,1.0,2023-01-19,Unknown,"United States",2
EasyKnock,"New York City","Real Estate",NULL,1.0,2024-12-09,"Series D","United States",440
"Eat Just","SF Bay Area",Food,40,,2023-09-22,Unknown,"United States",465
Eaze,"SF Bay Area",Consumer,25,,2022-06-01,"Series D","United States",202
Eaze,"SF Bay Area",Consumer,500,1.0,2024-10-07,"Series D","United States",202
Ebanx,Curitiba,Finance,340,0.2,2022-06-21,"Series B",Brazil,460
eBay,"SF Bay Area",Retail,1000,0.09,2024-01-23,Post-IPO,"United States",1200
eBay,"SF Bay Area",Retail,500,0.04,2023-02-07,Post-IPO,"United States",1200
eBay,"Tel Aviv",Retail,20,,2025-02-26,Post-IPO,Israel,1200
Edgio,Phoenix,Infrastructure,134,0.12,2023-06-06,Post-IPO,"United States",462
Edgio,Phoenix,Infrastructure,80,0.1,2024-03-04,Post-IPO,"United States",462
Edgio,Phoenix,Infrastructure,95,0.1,2022-12-13,Post-IPO,"United States",462
Edifecs,Seattle,Healthcare,30,,2023-01-20,Unknown,"United States",1
"Editas Medicine",Boston,Healthcare,NULL,0.2,2023-01-09,Post-IPO,"United States",656
Edmodo,"SF Bay Area",Education,NULL,1.0,2022-08-16,Acquired,"United States",77
"Eightfold AI","SF Bay Area",HR,90,0.15,2023-02-03,"Series E","United States",396
Elastic,"SF Bay Area",Data,NULL,0.13,2022-11-30,Post-IPO,"United States",162
Electric,"New York City",Other,141,0.25,2023-02-13,"Series D","United States",212
Electric,"New York City",Other,81,,2022-08-30,"Series D","United States",212
"Electriq Global","Tel Aviv",Energy,NULL,1.0,2025-02-21,Unknown,Israel,8
"Electronic Arts","Baton Rouge",Consumer,200,,2023-02-28,Post-IPO,"United States",2
"Electronic Arts","SF Bay Area",Consumer,670,0.05,2024-02-28,Post-IPO,"United States",2
"Electronic Arts","SF Bay Area",Consumer,780,0.06,2023-03-29,Post-IPO,"United States",2
Element,London,Other,NULL,0.15,2022-12-25,"Series B","United Kingdom",96
Elementor,"Tel Aviv",Media,60,0.15,2022-06-15,Unknown,Israel,65
Elinvar,Berlin,Finance,43,0.33,2022-10-21,Unknown,Germany,30
"Embark Trucks","SF Bay Area",Transportation,230,0.7,2023-03-03,Post-IPO,"United States",317
"Embark Vet",Boston,Healthcare,28,,2023-04-28,"Series B","United States",94
"Embark Vet",Boston,Healthcare,41,,2023-01-11,"Series B","United States",94
Embroker,"SF Bay Area",Finance,30,0.12,2022-10-25,"Series C","United States",142
Emotive,"Los Angeles",Marketing,30,0.18,2022-07-07,"Series B","United States",78
Enjoei,"Sao Paulo",Retail,31,0.1,2023-01-20,Unknown,Brazil,14
Enjoy,"SF Bay Area",Retail,400,0.18,2022-06-30,Post-IPO,"United States",310
Enovix,"SF Bay Area",Energy,170,0.33,2024-05-06,Post-IPO,"United States",516
Enovix,"SF Bay Area",Energy,185,,2023-10-05,Post-IPO,"United States",516
"Enphase Energy","SF Bay Area",Energy,350,0.1,2023-12-18,Post-IPO,"United States",116
"Enphase Energy","SF Bay Area",Energy,500,0.17,2024-11-11,Post-IPO,"United States",116
"Epic Games",Raleigh,Consumer,870,0.16,2023-09-28,Unknown,"United States",6400
Epicery,Paris,Food,NULL,1.0,2024-12-31,Acquired,France,7
EQRx,Boston,Healthcare,NULL,0.18,2023-02-24,Post-IPO,"United States",1900
Equitybee,"SF Bay Area",Finance,24,0.25,2023-02-08,"Series B","United States",85
Equitybee,"SF Bay Area",Finance,25,0.2,2022-10-31,"Series B","United States",85
EquityZen,"New York City",Finance,30,0.27,2022-10-31,"Series B","United States",11
Ericsson,Stockholm,Other,8500,0.08,2023-02-24,Post-IPO,Sweden,663
Ermetic,"SF Bay Area",Security,30,0.17,2023-01-23,"Series B","United States",97
Eroad,Auckland,Transportation,200,0.31,2023-07-28,Unknown,"New Zealand",46
Eruditus,Mumbai,Education,40,,2022-06-04,"Series E",India,1200
Esper,Seattle,Other,NULL,0.12,2022-06-23,"Series A","United States",10
Esper,Seattle,Other,NULL,0.21,2023-01-10,"Series A","United States",10
"Ethos Life","SF Bay Area",Finance,40,0.12,2022-06-24,"Series D","United States",406
"Ethos Life","SF Bay Area",Finance,50,,2023-02-21,"Series D","United States",406
eToro,"Tel Aviv",Finance,100,0.06,2022-07-05,Unknown,Israel,322
Etsy,"New York City",Retail,225,0.11,2023-12-13,Post-IPO,"United States",97
Eucalyptus,Sydney,Healthcare,50,0.2,2022-07-22,"Series C","United States",69
"Euler Motors","New Delhi",Transportation,NULL,0.1,2023-04-11,"Series C",India,92
Eurora,Tallinn,Other,111,,2023-09-11,"Series A",Estonia,42
Eventbrite,"SF Bay Area",Consumer,100,0.11,2024-08-07,Post-IPO,"United States",557
Eventbrite,"SF Bay Area",Consumer,80,0.08,2023-02-28,Post-IPO,"United States",557
Eventus,Austin,Finance,NULL,0.33,2023-05-05,"Series B","United States",45
EverBridge,Boston,Other,200,,2022-11-08,Post-IPO,"United States",476
EverC,"Tel Aviv",Security,16,0.1,2024-07-17,Unknown,Israel,61
Everlane,"SF Bay Area",Retail,30,0.17,2023-01-05,Unknown,"United States",176
Everlaw,"SF Bay Area",Legal,NULL,0.1,2023-05-12,"Series D","United States",298
Everledger,Brisbane,Crypto,NULL,1.0,2023-05-08,Unknown,Australia,27
Evernote,"SF Bay Area",Consumer,129,,2023-02-17,Acquired,"United States",290
Everquote,Evansville,Finance,100,,2023-07-11,Post-IPO,"United States",53
Everybuddy,"Tel Aviv",Consumer,NULL,1.0,2024-02-13,"Series A",Israel,15
EVgo,"Los Angeles",Transportation,40,,2023-02-23,Post-IPO,"United States",400
Evolve,Denver,Travel,164,0.14,2023-05-29,"Series F","United States",224
Evolve,Denver,Travel,175,0.2,2023-09-12,"Series F","United States",224
Exabeam,"SF Bay Area",Security,NULL,0.2,2023-10-25,"Series F","United States",391
Examedi,Santiago,Healthcare,45,0.25,2023-04-11,Unknown,Chile,19
Exodus,"Nebraska City",Crypto,59,0.22,2022-11-04,Unknown,"United States",60
Exosonic,"Los Angeles",Aerospace,NULL,1.0,2024-11-08,Seed,"United States",4
Exotel,Bengaluru,Support,142,0.15,2023-01-17,"Series D",India,87
Expedia,Seattle,Travel,100,,2023-10-17,Post-IPO,"United States",3300
Expedia,Seattle,Travel,1500,0.08,2024-02-26,Post-IPO,"United States",3300
Expel,"Washington D.C.",Security,60,0.1,2023-06-09,"Series E","United States",288
Expert360,Sydney,Recruiting,7,,2022-08-11,"Series C",Australia,26
Exterro,Portland,Legal,24,0.03,2023-02-01,"Private Equity","United States",100
Ezoic,"San Diego",Infrastructure,NULL,0.28,2023-07-17,"Series A","United States",39
Ezoic,"San Diego",Infrastructure,10,,2023-02-28,"Series A","United States",39
Ezoic,"San Diego",Infrastructure,35,,2022-12-31,"Series A","United States",39
Fable,"New York City",Product,NULL,1.0,2024-10-15,"Series A","United States",19
Fable,Toronto,Other,13,0.09,2023-07-31,"Series A",Canada,12
Fabric,"New York City",Logistics,120,0.4,2022-07-13,"Series C","United States",336
Fabric,"New York City",Logistics,30,0.15,2024-04-11,"Series C","United States",336
Facily,"Sao Paulo",Retail,260,0.3,2022-04-20,"Series D",Brazil,502
Factorial,Barcelona,HR,20,,2023-07-13,"Series C",Spain,220
Faire,"SF Bay Area",Retail,250,0.2,2023-11-01,"Series G","United States",1700
Faire,"SF Bay Area",Retail,84,0.07,2022-10-18,"Series G","United States",1700
FamPay,Bengaluru,Finance,18,,2023-08-02,"Series A",India,42
FanClash,Gurugram,Consumer,100,0.75,2023-03-30,"Series B",India,50
FarEye,"New Delhi",Logistics,250,0.3,2022-06-10,"Series E",India,150
FarEye,"New Delhi",Logistics,90,,2023-02-03,"Series E",India,150
Farfetch,London,Retail,2000,0.25,2024-02-16,Acquired,"United Kingdom",1700
Fast,"SF Bay Area",Finance,NULL,1.0,2022-04-05,"Series B","United States",124
Fastly,"SF Bay Area",Infrastructure,NULL,0.11,2024-08-08,Post-IPO,"United States",219
"Fate Therapeutics","San Diego",Healthcare,315,0.5700000000000001,2023-01-09,Post-IPO,"United States",1200
Favo,"Sao Paulo",Food,170,,2022-06-02,"Series A",Brazil,31
"Faze Medicines",Boston,Healthcare,NULL,1.0,2022-11-09,"Series B","United States",81
Fetch,Madison,Retail,100,0.1,2023-03-14,"Series E","United States",581
Fi.Money,Bengaluru,Finance,30,0.1,2023-09-27,"Series C",India,137
"Fifth Season",Pittsburgh,Food,100,1.0,2022-10-28,"Series B","United States",35
Figure,"SF Bay Area",Crypto,90,0.2,2023-07-26,Unknown,"United States",1500
Finder,Sydney,Retail,NULL,0.15,2023-02-03,Unknown,Australia,30
Finder,Sydney,Retail,40,,2023-04-04,Unknown,Australia,30
Finder,Sydney,Retail,60,0.17,2024-02-21,Unknown,Australia,30
"Finite State",Columbus,Security,16,0.2,2022-06-17,"Series B","United States",49
"Finleap Connect",Hamburg,Finance,14,0.1,2022-06-30,"Series A",Germany,22
Fipola,Chennai,Food,NULL,1.0,2023-02-20,"Series A","United States",9
Fireblocks,"New York City",Crypto,20,0.03,2024-02-07,"Series E","United States",1000
Fireblocks,"New York City",Crypto,30,0.05,2023-02-20,"Series E","United States",1000
Firework,"SF Bay Area",Retail,NULL,0.1,2022-11-29,"Series B","United States",269
"First Mode",Seattle,Transportation,48,0.2,2024-01-16,Acquired,"United States",9
Fisker,"Los Angeles",Transportation,NULL,0.15,2024-02-29,Post-IPO,"United States",1700
Fisker,"Los Angeles",Transportation,NULL,1.0,2024-06-18,Post-IPO,"United States",1700
Fittr,Pune,Fitness,30,0.11,2023-03-02,"Series A",India,13
Five9,"SF Bay Area",Support,190,0.07,2024-08-20,Post-IPO,"United States",862
Fiverr,"Tel Aviv",Other,60,0.08,2022-07-26,Post-IPO,Israel,111
"Flatiron Health","New York City",Healthcare,39,,2023-06-07,Acquired,"United States",324
FlexCar,Boston,Transportation,20,,2023-08-16,Unknown,"United States",297
Flexe,Seattle,Logistics,131,0.33,2023-09-26,"Series D","United States",263
Flexe,Seattle,Logistics,99,0.38,2024-01-08,"Series D","United States",263
Flexport,"SF Bay Area",Logistics,NULL,0.02,2024-10-02,"Series E","United States",2400
Flexport,"SF Bay Area",Logistics,NULL,0.2,2024-01-26,"Series E","United States",2400
Flexport,"SF Bay Area",Logistics,640,0.2,2023-01-11,"Series E","United States",2400
FlightStats,Portland,Travel,73,,2024-05-30,Acquired,"United States",3
Flink,Berlin,Food,100,0.16,2023-05-24,"Series B",Germany,1000
Flink,Berlin,Food,8000,0.4,2023-04-24,"Series B",Germany,1000
Flipboard,"SF Bay Area",Media,24,0.21,2022-10-16,Unknown,"United States",235
Flipkart,Bengaluru,Retail,1100,0.05,2024-01-08,Acquired,India,12900
"Flock Freight","San Diego",Logistics,45,0.08,2023-04-10,"Series D","United States",399
"Flock Freight","San Diego",Logistics,54,,2024-03-16,"Series D","United States",399
Flowhub,Denver,Retail,NULL,0.15,2022-09-09,Unknown,"United States",45
Flutterwave,"SF Bay Area",Finance,30,0.03,2024-06-24,Unknown,"United States",509
"Flux Systems",London,Finance,NULL,1.0,2022-10-14,Unknown,"United Kingdom",9
Fly.io,Chicago,Infrastructure,40,,2024-09-04,"Series C","United States",110
Flyhomes,Seattle,"Real Estate",200,0.2,2022-07-20,"Series C","United States",310
Flyhomes,Seattle,"Real Estate",300,0.4,2022-11-09,"Series C","United States",310
Flywire,Boston,Finance,125,,2025-02-26,"Series E","United States",263
FNZ,London,Finance,1000,0.15,2023-07-06,"Private Equity","United Kingdom",1400
Food52,"New York City",Food,20,0.1,2022-04-08,Acquired,"United States",176
Food52,"New York City",Food,21,0.15,2022-06-03,Acquired,"United States",176
Foodpanda,Bucharest,Food,80,,2022-05-26,Acquired,Romania,749
Foodpanda,Singapore,Food,60,,2022-09-07,Acquired,Singapore,749
ForeScout,"Tel Aviv",Security,100,0.1,2023-01-10,Acquired,"United States",125
ForeScout,"Tel Aviv",Security,40,,2023-09-06,Acquired,"United States",125
"Foresight Insurance","SF Bay Area",Finance,NULL,0.4,2022-10-06,"Series B","United States",58
ForgeRock,"SF Bay Area",Other,109,,2023-12-13,Acquired,"United States",234
Forma.ai,Toronto,Sales,15,0.09,2022-07-20,"Series B",Canada,58
Formstack,Indianapolis,Other,NULL,0.4,2023-05-17,"Private Equity","United States",425
Forto,Berlin,Logistics,60,0.08,2022-11-11,"Series D","United States",593
Forward,"SF Bay Area",Healthcare,NULL,0.05,2022-07-11,"Series D","United States",225
Forward,"SF Bay Area",Healthcare,200,1.0,2024-11-12,"Series E","United States",325
"Foundation Medicine",Boston,Healthcare,135,,2023-04-04,Acquired,"United States",96
FourKites,Chicago,Logistics,NULL,0.15,2023-12-13,Unknown,"United States",241
FourKites,Chicago,Logistics,60,0.08,2022-08-11,"Series D","United States",201
Foursquare,"New York City",Marketing,105,0.25,2024-05-23,"Series G","United States",390
Foxtrot,Chicago,Food,26,0.035,2022-09-23,"Series C","United States",166
Fraazo,Mumbai,Food,150,,2022-07-12,"Series B",India,63
Freenome,"SF Bay Area",Healthcare,100,0.2,2024-04-23,"Series E","United States",1400
Freetrade,London,Finance,45,0.15,2022-06-10,Unknown,"United Kingdom",133
Freightos,Miami,Logistics,50,0.13,2023-07-12,Post-IPO,"United States",118
FreightWaves,Chattanooga,Logistics,16,,2024-09-24,"Private Equity","United States",92
"Frequency Therapeutics",Boston,Healthcare,NULL,0.5,2023-02-01,Post-IPO,"United States",76
FreshBooks,Toronto,Finance,NULL,0.06,2023-11-15,Unknown,Canada,331
FreshBooks,Toronto,Finance,140,,2024-10-01,Unknown,Canada,331
FreshBooks,Toronto,Finance,80,0.1,2023-03-21,Unknown,Canada,331
FreshDirect,"New York City",Food,100,0.03,2024-01-10,Acquired,"United States",280
FreshDirect,Philadelphia,Food,40,,2022-08-25,Acquired,"United States",280
Freshly,"New York City",Food,NULL,0.25,2022-07-18,Acquired,"United States",107
Freshly,Phoenix,Food,329,,2022-12-12,Acquired,"United States",107
Freshworks,"SF Bay Area",Support,114,0.02,2023-03-16,Post-IPO,"United States",484
Freshworks,"SF Bay Area",Support,660,0.13,2024-11-07,Post-IPO,"United States",484
Freshworks,"SF Bay Area",Support,90,0.02,2022-12-15,Post-IPO,"United States",484
Frontdesk,Milwaukee,Travel,200,1.0,2024-01-02,Unknown,"United States",26
FrontRow,Bengaluru,Education,NULL,0.9,2023-06-15,"Series A",India,17
FrontRow,Bengaluru,Education,NULL,1.0,2023-07-10,"Series A",India,17
FrontRow,Bengaluru,Education,130,0.75,2022-10-12,"Series A",India,17
FrontRow,Bengaluru,Education,145,0.3,2022-05-27,"Series A",India,17
Frubana,Bogota,Food,NULL,0.03,2022-06-21,"Series C",Colombia,202
FullStory,Atlanta,Marketing,NULL,0.12,2022-09-13,Unknown,"United States",197
FullStory,Atlanta,Marketing,50,0.1,2024-01-09,Unknown,"United States",197
Fundbox,"SF Bay Area",Finance,150,0.42,2022-10-25,"Series D","United States",553
Furlenco,Bengaluru,Retail,180,,2022-03-26,"Series D",India,228
Fuzzy,"SF Bay Area",Healthcare,NULL,1.0,2023-06-18,"Series C","United States",80
Gated,"SF Bay Area",Other,NULL,1.0,2023-09-01,Seed,"United States",3
Gather,"SF Bay Area",Consumer,30,0.33,2022-06-02,"Series B","United States",76
Gavelytics,"Los Angeles",Legal,NULL,1.0,2022-06-30,Seed,"United States",5
Gem,"SF Bay Area",Recruiting,100,0.33,2022-11-01,"Series C","United States",148
Gem,"SF Bay Area",Recruiting,70,,2023-08-02,"Series C","United States",148
Gemini,"New York City",Crypto,NULL,0.1,2023-01-23,Unknown,"United States",423
Gemini,"New York City",Crypto,100,0.1,2022-06-02,Unknown,"United States",423
Gemini,"New York City",Crypto,68,0.07,2022-07-18,Unknown,"United States",423
"Genome Medical","SF Bay Area",Healthcare,23,,2022-09-08,"Series C","United States",120
Getaround,"SF Bay Area",Transportation,NULL,0.1,2023-02-02,Post-IPO,"United States",948
Getaround,"SF Bay Area",Transportation,NULL,0.3,2024-02-08,Post-IPO,"United States",948
Getir,Istanbul,Food,NULL,0.14,2022-05-25,"Series E",Turkey,1800
Getir,London,Food,2500,0.11,2023-08-22,"Series E","United Kingdom",1800
Getir,London,Food,3300,,2024-04-29,"Series E","United Kingdom",1800
Getir,"New York City",Food,100,,2023-02-02,"Series E","United States",1800
Getta,"Tel Aviv",Transportation,30,,2022-05-31,"Series A",Israel,49
"Ghost Autonomy","SF Bay Area",Transportation,100,1.0,2024-04-03,"Series E","United States",247
Gigamon,"SF Bay Area",Data,69,,2024-10-15,Acquired,"United States",23
"Ginkgo Bioworks",Boston,Healthcare,400,0.35,2024-06-20,Post-IPO,"United States",1600
GitHub,"SF Bay Area",Product,NULL,0.1,2023-02-09,Acquired,"United States",350
GitLab,"SF Bay Area",Product,130,0.07,2023-02-09,Post-IPO,"United States",413
Gitpod,Kiel,Product,21,0.28,2023-01-24,"Series A",Germany,41
"Glamyo Health","New Delhi",Healthcare,160,,2023-06-01,"Series B",India,9
Glassbox,London,Data,NULL,0.14,2023-05-04,"Series C","United Kingdom",70
Glassdoor,"SF Bay Area",HR,140,0.15,2023-03-22,Acquired,"United States",204
"Glean AI","New York City",Finance,5,,2023-05-08,Seed,"United States",11
Glints,Singapore,HR,198,0.18,2022-12-08,"Series D",Singapore,82
Glisser,London,Travel,25,1.0,2023-01-26,Unknown,"United Kingdom",1
Gloat,"New York City",HR,35,0.12,2023-04-20,"Series D","United States",192
Glossier,"New York City",Consumer,80,0.33,2022-01-26,"Series E","United States",266
Glossier,"New York City",Retail,19,0.08,2022-08-02,"Series E","United States",266
Glovo,Barcelona,Food,140,,2023-03-23,Acquired,Spain,1200
Glovo,Barcelona,Food,25,,2024-04-12,Acquired,Spain,1200
Glovo,Barcelona,Food,250,0.06,2023-01-30,Acquired,Spain,1200
Glovo,Madrid,Food,22,,2024-05-25,Acquired,Spain,1200
Glowforge,Seattle,Manufacturing,30,,2023-12-15,"Series E","United States",133
GoBolt,Toronto,Logistics,55,0.05,2023-01-10,"Series C",Canada,178
GoCardless,London,Finance,150,0.17,2023-06-12,"Series G","United Kingdom",529
GoDaddy,Phoenix,Marketing,530,0.08,2023-02-08,Post-IPO,"United States",800
GoHealth,Chicago,Healthcare,800,0.2,2022-08-09,Post-IPO,"United States",75
Gokada,Lagos,Transportation,20,,2022-11-14,Unknown,Nigeria,12
Gokada,Lagos,Transportation,54,,2023-01-31,Unknown,Nigeria,12
GoMechanic,Gurugram,Transportation,NULL,0.7000000000000001,2023-01-17,"Series C",India,54
Gong,"SF Bay Area",Sales,80,0.07,2023-02-08,"Series E","United States",583
Goodfood,Calgary,Food,70,,2022-04-07,Post-IPO,Canada,16
GoodGood,Toronto,Retail,NULL,1.0,2022-11-23,Seed,Canada,6
GoodRx,"Los Angeles",Healthcare,140,0.16,2022-08-31,Post-IPO,"United States",910
Google,"SF Bay Area",Consumer,100,,2024-05-31,Post-IPO,"United States",26
Google,"SF Bay Area",Consumer,1000,,2024-01-10,Post-IPO,"United States",26
Google,"SF Bay Area",Consumer,12000,0.06,2023-01-20,Post-IPO,"United States",26
Google,"SF Bay Area",Consumer,200,,2024-05-01,Post-IPO,"United States",26
Google,"SF Bay Area",Consumer,40,,2023-10-18,Post-IPO,"United States",26
Google,"SF Bay Area",Consumer,57,,2024-05-10,Post-IPO,"United States",26
Google,"SF Bay Area",Consumer,75,,2023-09-13,Post-IPO,"United States",26
Goop,"Los Angeles",Retail,39,0.18,2024-09-06,Unknown,"United States",75
GoPro,"SF Bay Area",Consumer,NULL,0.04,2024-03-26,Post-IPO,"United States",288
GoPro,"SF Bay Area",Consumer,139,0.15,2024-08-19,Post-IPO,"United States",288
Gopuff,Philadelphia,Food,NULL,0.06,2024-05-16,"Series H","United States",3400
Gopuff,Philadelphia,Food,100,,2022-01-26,"Series H","United States",3400
Gopuff,Philadelphia,Food,100,0.02,2023-03-09,"Series H","United States",3400
Gopuff,Philadelphia,Food,1500,0.1,2022-07-12,"Series H","United States",3400
Gopuff,Philadelphia,Food,250,,2022-10-19,"Series H","United States",3400
Gopuff,Philadelphia,Food,450,0.03,2022-03-29,"Series H","United States",3400
Gorillas,Berlin,Food,300,0.5,2022-05-24,"Series C",Germany,1300
Gorillas,Berlin,Food,540,,2022-07-03,"Series C",Germany,1300
GoStudent,Vienna,Education,100,,2022-12-14,"Series D",Austria,686
GoStudent,Vienna,Education,200,,2022-09-08,"Series D",Austria,686
GoTo,Boston,Other,29,,2024-01-23,Acquired,"United States",2
"GoTo Group",Jakarta,Transportation,1300,0.12,2022-11-10,Post-IPO,Indonesia,1300
"GoTo Group",Jakarta,Transportation,600,,2023-03-10,Post-IPO,Indonesia,1300
Gousto,London,Food,NULL,0.14,2022-12-31,Unknown,"United Kingdom",675
GoWild,Louisville,Retail,NULL,1.0,2024-10-10,Seed,"United States",8
Grab,Singapore,Transportation,1000,0.11,2023-06-20,Post-IPO,Singapore,16500
Grabango,"SF Bay Area",Food,NULL,1.0,2024-10-09,Unknown,"United States",94
Grabango,"SF Bay Area",Food,34,0.4,2023-09-11,Unknown,"United States",94
GrabCAD,Tallinn,Other,13,,2024-01-12,Acquired,Estonia,28
Grammarly,"SF Bay Area",Consumer,230,,2024-02-07,Unknown,"United States",400
Gramophone,Indore,Food,75,,2023-01-16,"Series B",India,17
"Green Labs",Seoul,Food,350,0.7,2023-02-21,"Series C","South Korea",214
Greenhouse,"New York City",Recruiting,100,0.12,2023-04-27,"Private Equity","United States",110
Greenikk,Trivandrum,Food,NULL,1.0,2024-09-30,Seed,India,1
Greenlight,Atlanta,Finance,104,0.21,2023-01-12,"Series D","United States",556
Grin,Sacramento,Marketing,60,0.13,2022-11-30,"Series B","United States",145
"Gro Intelligence","New York City",Food,NULL,0.1,2024-05-31,"Series B","United States",118
"Gro Intelligence","New York City",Food,20,0.1,2024-02-15,"Series B","United States",118
"Gro Intelligence","New York City",Food,90,0.6,2024-03-01,"Series B","United States",118
Groupon,Chicago,Retail,500,,2023-01-30,Post-IPO,"United States",1400
Groupon,Chicago,Retail,500,0.15,2022-08-08,Post-IPO,"United States",1400
"Grove Collaborative","SF Bay Area",Retail,NULL,0.17,2022-03-19,"Series E","United States",474
Grover,Berlin,Retail,40,0.1,2022-12-07,Unknown,"United States",2300
Grubhub,"SF Bay Area",Food,400,0.15,2023-06-12,Acquired,"United States",284
Grubhub,"SF Bay Area",Food,500,0.23,2025-02-28,Acquired,"United States",284
"Guardant Health","SF Bay Area",Healthcare,130,0.07,2023-01-25,Post-IPO,"United States",550
Guideline,"SF Bay Area",Finance,48,0.11,2023-04-03,"Series E","United States",339
Guidewire,"SF Bay Area",Finance,NULL,0.02,2022-08-11,Post-IPO,"United States",24
Guild,Denver,Education,172,0.12,2023-05-24,"Series F","United States",643
Guild,Denver,Education,300,0.25,2024-05-22,"Series F","United States",643
Gupy,"Sao Paulo",HR,58,0.08,2023-08-02,"Series B",Brazil,105
Gusto,"SF Bay Area",HR,126,0.05,2023-02-08,"Series E","United States",746
HackerEarth,"SF Bay Area",HR,NULL,0.08,2023-02-14,"Series B","United States",11
HackerOne,"SF Bay Area",Security,NULL,0.12,2023-08-02,"Series E","United States",159
HackerRank,"SF Bay Area",Recruiting,53,,2023-08-27,"Series D","United States",103
"Halcyon Health","New York City",Healthcare,NULL,1.0,2022-04-15,Unknown,"United States",2
Happay,Bengaluru,Finance,160,0.35,2023-05-12,Acquired,India,21
"Happy Money","Los Angeles",Finance,158,0.34,2022-11-30,"Series D","United States",191
Hash,"Sao Paulo",Finance,58,0.5,2022-08-01,"Series C",Brazil,58
HashiCorp,"SF Bay Area",Infrastructure,NULL,0.08,2023-06-07,Post-IPO,"United States",349
HashiCorp,"SF Bay Area",Security,69,,2023-01-11,Post-IPO,"United States",349
Haus,"SF Bay Area",Food,NULL,1.0,2022-08-09,Seed,"United States",7
Headspace,"Los Angeles",Healthcare,NULL,0.13,2024-11-20,Unknown,"United States",216
Headspace,"Los Angeles",Healthcare,181,0.15,2023-06-29,Unknown,"United States",216
Headspace,"Los Angeles",Healthcare,50,0.04,2022-12-14,Unknown,"United States",215
Healthcare.com,Miami,Healthcare,149,,2022-08-03,"Series C","United States",244
HealthifyMe,Bengaluru,Healthcare,150,0.27,2024-04-27,"Series D",India,130
HealthifyMe,Bengaluru,Fitness,150,,2022-12-03,"Series C",India,100
HealthMatch,Sydney,Healthcare,18,0.5,2022-06-28,"Series B",Australia,20
Healthy.io,"Tel Aviv",Healthcare,40,0.3,2024-09-22,"Series D","United States",185
Healthy.io,"Tel Aviv",Healthcare,70,0.33,2023-05-03,"Series D","United States",185
Hedvig,Stockholm,Finance,12,,2022-09-01,"Series B",Sweden,67
HelloFresh,"SF Bay Area",Food,611,,2022-10-10,Post-IPO,"United States",367
Here,Miami,"Real Estate",NULL,1.0,2024-01-08,Seed,"United States",5
HerMD,Cincinnati,Healthcare,NULL,1.0,2025-02-24,"Series A","United States",28
Heroes,London,Retail,24,0.2,2022-07-15,Unknown,"United States",265
"Hewlett Packard Enterprise","SF Bay Area",Hardware,2500,0.05,2025-03-06,Post-IPO,"United States",1400
Heygo,London,Travel,NULL,1.0,2023-04-13,"Series A","United Kingdom",20
HeyJobs,Berlin,Recruiting,90,,2025-01-15,"Series B",Germany,62
HighRadius,Bengaluru,Finance,25,,2022-11-09,"Series C",India,475
Highsnobiety,Berlin,Media,24,0.1,2023-07-03,Acquired,Germany,8
Highspot,Seattle,Sales,100,0.1,2023-02-02,"Series F","United States",644
Highspot,Seattle,Sales,140,0.15,2023-06-08,"Series F","United States",644
Hike,"New Delhi",Consumer,55,,2023-08-10,Unknown,India,261
"Hinge Health","SF Bay Area",Healthcare,NULL,0.1,2024-04-11,"Series E","United States",826
"Hippo Insurance","SF Bay Area",Finance,120,0.2,2023-10-26,Post-IPO,"United States",1300
"Hippo Insurance","SF Bay Area",Finance,70,0.1,2022-08-31,Post-IPO,"United States",1300
Hodinkee,"New York City",Retail,24,0.2,2023-09-05,Seed,"United States",40
Hologram,Chicago,Infrastructure,80,0.4,2022-06-09,"Series B","United States",82
Homebot,Denver,"Real Estate",18,0.13,2022-12-19,Acquired,"United States",4
Homeday,Berlin,"Real Estate",40,0.2,2023-09-12,Unknown,Germany,71
HomeLane,Bengaluru,Retail,30,,2023-03-06,"Series E",India,116
HomeLight,"SF Bay Area","Real Estate",NULL,0.19,2022-06-29,"Series D","United States",743
Homeward,Austin,"Real Estate",NULL,0.2,2022-08-10,"Series B","United States",160
Homeward,Austin,"Real Estate",NULL,0.25,2022-11-16,Unknown,"United States",501
Homie,"Salt Lake City","Real Estate",119,0.29,2022-02-14,"Series B","United States",35
Homie,"Salt Lake City","Real Estate",40,0.13,2022-10-04,"Series B","United States",35
Honor,"SF Bay Area",Healthcare,NULL,0.15,2023-06-27,Unknown,"United States",625
"Hooray Foods","SF Bay Area",Food,NULL,1.0,2023-09-17,Seed,"United States",7
Hootsuite,Vancouver,Marketing,400,0.3,2022-08-09,"Series C",Canada,300
Hootsuite,Vancouver,Marketing,50,0.05,2022-11-01,"Series C",Canada,300
Hootsuite,Vancouver,Marketing,70,0.07,2023-01-18,"Series C",Canada,300
Hopin,London,Other,NULL,0.17,2022-11-16,"Series D","United Kingdom",1000
Hopin,London,Other,138,0.12,2022-02-10,"Series D","United States",1000
Hopin,London,Other,242,0.29,2022-07-11,"Series D","United Kingdom",1000
Hopper,Montreal,Travel,250,0.3,2023-10-04,Unknown,Canada,730
Hotmart,"Belo Horizonte",Marketing,227,0.12,2022-10-20,"Series C",Brazil,127
Houzz,"SF Bay Area",Consumer,95,0.08,2022-12-07,"Series E","United States",613
HP,"Tel Aviv",Hardware,100,,2023-02-19,Post-IPO,Israel,4200
Hubilo,"SF Bay Area",Marketing,45,0.12,2022-07-12,"Series B","United States",153
Hubilo,"SF Bay Area",Other,115,0.35000000000000003,2023-01-19,"Series B","United States",153
Hubilo,"SF Bay Area",Other,50,,2023-10-30,"Series B","United States",153
HubSpot,Boston,Marketing,500,0.07,2023-01-31,Post-IPO,"United States",100
"Hugging Face","New York City",AI,10,0.04,2025-02-05,"Series D","United States",395
Hulu,Beijing,Media,200,,2023-03-30,Acquired,China,683
Huma,London,Healthcare,45,0.1,2023-08-30,Unknown,"United Kingdom",217
Humane,"SF Bay Area",Hardware,10,0.04,2024-01-09,"Series C","United States",230
Humble,"SF Bay Area",Media,10,,2022-04-15,Acquired,"United States",4
"Humble Games","SF Bay Area",Media,36,1.0,2024-07-23,Acquired,"United States",4
Hunty,Bogota,HR,30,,2022-06-14,Seed,Colombia,6
Huobi,Beijing,Crypto,275,0.2,2023-01-06,Unknown,China,2
Huobi,Beijing,Crypto,300,0.3,2022-06-28,Unknown,China,2
"Huuuge Games",Warsaw,Consumer,NULL,0.1,2023-03-20,"Series C",Poland,57
Hydrow,Boston,Fitness,NULL,0.35000000000000003,2022-07-18,"Series D","United States",269
Hydrow,Boston,Fitness,30,,2023-01-19,"Series D","United States",269
Hypefast,Jakarta,Retail,NULL,0.3,2023-08-22,"Series A",Indonesia,33
"Hyperloop One","Los Angeles",Transportation,NULL,1.0,2023-12-21,Unknown,"United States",368
Hyperscience,"New York City",Data,100,0.25,2022-03-03,"Series E","United States",289
Ibotta,Denver,Retail,70,0.08,2025-02-22,Post-IPO,"United States",93
iCAD,Nashua,Healthcare,23,0.28,2023-03-29,Post-IPO,"United States",59
